numero,nombre
1001,Carlos Rodríguez
1002,María Fernández
1003,José Martínez
1004,Ana García
1005,Luis Hernández
1006,Laura López
1007,Pedro González
1008,Sofía Ramírez
1009,Diego Torres
1010,Valentina Flores
1011,Andrés Sánchez
1012,Camila Díaz
1013,Javier Morales
1014,Martina Ruiz
1015,Gabriel Pérez
1016,Lucía Álvarez
1017,Facundo Gómez
1018,Florencia Castro
1019,Santiago Vargas
1020,Julieta Medina
1021,Matías Herrera
1022,Bianca Ríos
1023,Emiliano Suárez
1024,Agustina Acosta
1025,Ignacio Benítez
1026,Renata Núñez
1027,Leonardo Ponce
1028,Antonella Rojas
1029,Sebastián Silva
1030,Victoria Mendoza
1031,Nicolás Campos
1032,Carolina Ferreyra
1033,Alejandro Juárez
1034,Delfina Navarro
1035,Maximiliano Vega
1036,Lourdes Sosa
1037,Daniel Pereyra
1038,Bárbara Arias
1039,Tomás Molina
1040,Constanza Ledesma
